{
    "countries": {
      "India": [
        "Andhra Pradesh",
        "Arunachal Pradesh",
        "Assam", 
        "Bihar",
        "Chhattisgarh",
        "Goa",
        "Gujarat",
        "Haryana",
        "Himachal Pradesh",
        "Jharkhand",
        "Karnataka", 
        "Kerala",
        "Madhya Pradesh",
        "Maharashtra",
        "Manipur",
        "Meghalaya",
        "Mizoram",
        "Nagaland",
        "Odisha",
        "Punjab",
        "Rajasthan",
        "Sikkim",
        "Tamil Nadu",
        "Telangana", 
        "Tripura",
        "Uttar Pradesh",
        "Uttarakhand",
        "West Bengal",
        "Andaman and Nicobar Islands",
        "Chandigarh",
        "Dadra and Nagar Haveli and Daman and Diu",
        "Jammu and Kashmir",
        "Ladakh",
        "Lakshadweep",
        "Puducherry"
      ],
      "Canada": [
        "Alberta",
        "British Columbia",
        "Manitoba", 
        "New Brunswick",
        "Newfoundland and Labrador",
        "Nova Scotia",
        "Ontario",
        "Prince Edward Island",
        "Quebec",
        "Saskatchewan"
      ],
      "France": [
        "Île-de-France",
        "Provence-Alpes-Côte d'Azur",
        "Auvergne-Rhône-Alpes",
        "Nouvelle-Aquitaine",
        "Occitanie",
        "Brittany",
        "Normandy",
        "Grand Est",
        "Hauts-de-France",
        "Pays de la Loire"
      ],
      "Germany": [
        "Baden-Württemberg",
        "Bavaria",
        "Berlin",
        "Brandenburg",
        "Bremen",
        "Hamburg",
        "Hesse",
        "Lower Saxony",
        "North Rhine-Westphalia",
        "Rhineland-Palatinate",
        "Saarland",
        "Saxony",
        "Saxony-Anhalt",
        "Thuringia"
      ],
      "Italy": [
        "Abruzzo",
        "Basilicata",
        "Calabria",
        "Campania",
        "Emilia-Romagna",
        "Friuli Venezia Giulia",
        "Lazio",
        "Liguria",
        "Lombardy",
        "Marche",
        "Molise",
        "Piedmont",
        "Sardinia",
        "Sicily",
        "Tuscany",
        "Umbria",
        "Aosta Valley",
        "Apulia",
        "Veneto"
      ],
      "Japan": [
        "Aichi",
        "Akita",
        "Aomori",
        "Chiba",
        "Ehime",
        "Fukui",
        "Fukuoka",
        "Gifu",
        "Gunma",
        "Hiroshima",
        "Hokkaido",
        "Hyogo",
        "Ibaraki",
        "Ishikawa",
        "Kagawa",
        "Kagoshima",
        "Kanagawa",
        "Kumamoto",
        "Kyoto",
        "Mie",
        "Miyagi",
        "Miyazaki",
        "Nagano",
        "Nagasaki",
        "Niigata",
        "Oita",
        "Okayama",
        "Osaka",
        "Okinawa",
        "Shiga",
        "Shimane",
        "Shizuoka",
        "Tochigi",
        "Tokushima",
        "Tokyo",
        "Tottori",
        "Toyama",
        "Wakayama",
        "Yamagata",
        "Yamaguchi",
        "Yokohama"
      ],
      "United Kingdom": [
        "England",
        "Northern Ireland",
        "Scotland", 
        "Wales"
      ],
      "United States": [
        "Alabama",
        "Alaska",
        "Arizona",
        "Arkansas",
        "California",
        "Colorado",
        "Connecticut",
        "Delaware",
        "Florida",
        "Georgia",
        "Hawaii",
        "Idaho",
        "Illinois",
        "Indiana",
        "Iowa",
        "Kansas",
        "Kentucky",
        "Louisiana",
        "Maine",
        "Maryland",
        "Massachusetts",
        "Michigan",
        "Minnesota",
        "Mississippi",
        "Missouri",
        "Montana",
        "Nebraska",
        "Nevada",
        "New Hampshire",
        "New Jersey",
        "New Mexico",
        "New York",
        "North Carolina",
        "North Dakota",
        "Ohio",
        "Oklahoma",
        "Oregon",
        "Pennsylvania",
        "Rhode Island",
        "South Carolina",
        "South Dakota",
        "Tennessee",
        "Texas",
        "Utah",
        "Vermont",
        "Virginia",
        "Washington",
        "West Virginia",
        "Wisconsin",
        "Wyoming"
      ],
      "Thailand": [
        "Bangkok",
        "Chiang Mai",
        "Chiang Rai",
        "Phuket",
        "Krabi",
        "Ayutthaya",
        "Nonthaburi",
        "Khon Kaen",
        "Nakhon Ratchasima",
        "Udon Thani"
      ],
      "Vietnam": [
        "Hanoi",
        "Ho Chi Minh City",
        "Da Nang",
        "Hai Phong",
        "Can Tho",
        "Bien Hoa",
        "Hue",
        "Nha Trang",
        "Vung Tau",
        "Qui Nhon"
      ],
      "Indonesia": [
        "Jakarta",
        "East Java",
        "West Java",
        "Central Java",
        "North Sumatra",
        "Bali",
        "South Sulawesi",
        "Banten",
        "West Sumatra",
        "Riau"
      ],
      "Philippines": [
        "Metro Manila",
        "Cebu",
        "Davao",
        "Calabarzon",
        "Central Luzon",
        "Western Visayas",
        "Central Visayas",
        "Eastern Visayas",
        "Northern Mindanao",
        "Bicol Region"
      ],
      "Spain": [
        "Andalusia",
        "Catalonia",
        "Madrid",
        "Valencia",
        "Galicia",
        "Castile and León",
        "Basque Country",
        "Castilla-La Mancha",
        "Canary Islands",
        "Aragon"
      ],
      "Sri Lanka": [
        "Western Province",
        "Central Province",
        "Southern Province",
        "Northern Province",
        "Eastern Province",
        "North Western Province",
        "North Central Province",
        "Uva Province",
        "Sabaragamuwa Province"
      ],
      "Nepal": [
        "Province No. 1",
        "Madhesh Province",
        "Bagmati Province",
        "Gandaki Province",
        "Lumbini Province",
        "Karnali Province",
        "Sudurpashchim Province"
      ],
      "Bhutan": [
        "Bumthang",
        "Chukha",
        "Dagana",
        "Gasa",
        "Haa",
        "Lhuntse",
        "Mongar",
        "Paro",
        "Pemagatshel",
        "Punakha",
        "Samdrup Jongkhar",
        "Samtse",
        "Sarpang",
        "Thimphu",
        "Trashigang",
        "Trashiyangtse",
        "Trongsa",
        "Tsirang",
        "Wangdue Phodrang",
        "Zhemgang"
      ]
    }
  }